Spieler;Alter;Nationalität;Position;Marktwert;Abgebender Verein;Aufnehmender Verein;Ablöse
Bruno Guimarães;28;Brasilien;Zentrales Mittelfeld;70,00 Mio. €;Newcastle United;FC Arsenal;87,50 Mio. €
Ezri Konsa;28;England;Innenverteidiger;45,00 Mio. €;Aston Villa;FC Arsenal;59,60 Mio. €
Piero Hincapié;24;Ecuador;Innenverteidiger;50,00 Mio. €;Bayer 04 Leverkusen;FC Arsenal;40,00 Mio. €
Christos Tzolis;24;Griechenland;Linksaußen;40,00 Mio. €;Club Brügge;FC Arsenal;40,00 Mio. €
Illan Meslier;26;Frankreich;Torwart;8,00 Mio. €;Leeds United;FC Arsenal;ablösefrei
Tommy Setford;20;England;Torwart;500 Tsd. €;FC Arsenal U21;FC Arsenal;-
Leandro Trossard;31;Belgien;Linksaußen;18,00 Mio. €;FC Arsenal;Besiktas JK;18,00 Mio. €
Jakub Kiwior;26;Polen;Innenverteidiger;35,00 Mio. €;FC Arsenal;FC Porto;17,00 Mio. €
Christian Nørgaard;32;Dänemark;Defensives Mittelfeld;5,00 Mio. €;FC Arsenal;FC Everton;8,15 Mio. €
Karl Hein;24;Estland;Torwart;3,00 Mio. €;FC Arsenal;SV Werder Bremen;3,00 Mio. €
Johan Manzambi;20;Schweiz;Offensives Mittelfeld;50,00 Mio. €;SC Freiburg;FC Aston Villa;60,00 Mio. €
João Gomes;25;Brasilien;Zentrales Mittelfeld;40,00 Mio. €;Wolverhampton Wanderers;FC Aston Villa;40,00 Mio. €
Zion Suzuki;23;Japan;Torwart;30,00 Mio. €;Parma Calcio 1913;FC Aston Villa;30,00 Mio. €
Matteo Ruggeri;24;Italien;Linker Verteidiger;28,00 Mio. €;Atlético Madrid;FC Aston Villa;25,00 Mio. €
Modou Kéba Cissé;20;Senegal;Innenverteidiger;6,00 Mio. €;LASK;FC Aston Villa;5,50 Mio. €
George Hemmings;19;England;Zentrales Mittelfeld;800 Tsd. €;Aston Villa U21;FC Aston Villa;-
Morgan Rogers;23;England;Offensives Mittelfeld;90,00 Mio. €;FC Aston Villa;FC Chelsea;138,00 Mio. €
Ezri Konsa;28;England;Innenverteidiger;45,00 Mio. €;FC Aston Villa;FC Arsenal;59,60 Mio. €
Youri Tielemans;29;Belgien;Zentrales Mittelfeld;30,00 Mio. €;FC Aston Villa;Manchester United;41,00 Mio. €
Donyell Malen;27;Niederlande;Mittelstürmer;45,00 Mio. €;FC Aston Villa;AS Rom;25,00 Mio. €
Enzo Barrenechea;25;Argentinien;Defensives Mittelfeld;12,00 Mio. €;FC Aston Villa;Benfica Lissabon;12,00 Mio. €
Lewis Dobbin;23;England;Linksaußen;7,00 Mio. €;FC Aston Villa;FC Southampton;10,50 Mio. €
Lucas Digne;33;Frankreich;Linker Verteidiger;6,00 Mio. €;FC Aston Villa;Paris Saint-Germain;7,00 Mio. €
Álvaro Rodríguez;22;Uruguay;Mittelstürmer;10,00 Mio. €;FC Elche;AFC Bournemouth;25,00 Mio. €
António Silva;22;Portugal;Innenverteidiger;25,00 Mio. €;Benfica Lissabon;AFC Bournemouth;25,00 Mio. €
Álex Jiménez;21;Spanien;Rechter Verteidiger;22,00 Mio. €;AC Mailand;AFC Bournemouth;18,50 Mio. €
Juanlu Sánchez;22;Spanien;Rechter Verteidiger;10,00 Mio. €;FC Sevilla;AFC Bournemouth;11,00 Mio. €
Hamed Traoré;26;Elfenbeinküste;Linksaußen;15,00 Mio. €;AFC Bournemouth;Frankreich  Marseille;7,70 Mio. €
Luis Sinisterra;27;Kolumbien;Linksaußen;11,00 Mio. €;AFC Bournemouth;Brasilien  EC Cruzeiro;3,70 Mio. €
Marcos Senesi;29;Argentinien;Innenverteidiger;25,00 Mio. €;AFC Bournemouth;England  Tottenham;ablösefrei
Enes Ünal;29;Türkei;Mittelstürmer;7,00 Mio. €;AFC Bournemouth;Spanien  FC Getafe;ablösefrei
Mamadou Sangaré;24;Mali;Zentrales Mittelfeld;40,00 Mio. €;RC Lens;FC Brentford;48,00 Mio. €
Jannik Schuster;20;Österreich;Innenverteidiger;18,00 Mio. €;FC Red Bull Salzburg;FC Brentford;18,00 Mio. €
Jaidon Anthony;26;England;Linksaußen;20,00 Mio. €;FC Burnley;FC Brentford;17,50 Mio. €
Callum Wilson;34;England;Mittelstürmer;4,00 Mio. €;West Ham United;FC Brentford;ablösefrei
Benjamin Fredrick;21;Nigeria;Innenverteidiger;600 Tsd. €;FC Brentford B;FC Brentford;-
Josh Stephenson;20;England;Innenverteidiger;-;FC Brentford U21;FC Brentford;-
Frank Onyeka;28;Nigeria;Zentrales Mittelfeld;8,00 Mio. €;FC Brentford;Coventry City;7,00 Mio. €
Ryan Trevitt;23;England;Zentrales Mittelfeld;275 Tsd. €;FC Brentford;Wigan Athletic;ablösefrei
Jordan Henderson;36;England;Zentrales Mittelfeld;1,20 Mio. €;FC Brentford;FC Chelsea;ablösefrei
Luka Vuskovic;19;Kroatien;Innenverteidiger;60,00 Mio. €;Tottenham Hotspur;Brighton & Hove Albion;54,00 Mio. €
Zadok Yohanna;19;Nigeria;Rechtsaußen;18,00 Mio. €;AIK;Brighton & Hove Albion;28,00 Mio. €
Pascal Struijk;26;Niederlande;Innenverteidiger;22,00 Mio. €;Leeds United;Brighton & Hove Albion;23,20 Mio. €
Costinha;26;Portugal;Rechter Verteidiger;7,00 Mio. €;Olympiakos Piräus;Brighton & Hove Albion;12,70 Mio. €
Michael Svoboda;27;Österreich;Innenverteidiger;3,50 Mio. €;Venezia FC;Brighton & Hove Albion;5,00 Mio. €
Rodrigo Rêgo;21;Portugal;Rechtsaußen;1,50 Mio. €;Benfica Lissabon B;Brighton & Hove Albion;3,50 Mio. €
James Beadle;21;England;Torwart;6,00 Mio. €;Brighton & Hove Albion U21;Brighton & Hove Albion;-
Jan Paul van Hecke;26;Niederlande;Innenverteidiger;45,00 Mio. €;Brighton & Hove Albion;Tottenham Hotspur;60,00 Mio. €
Carl Rushworth;25;England;Torwart;16,00 Mio. €;Brighton & Hove Albion;Coventry City;25,70 Mio. €
Diego Coppola;22;Italien;Innenverteidiger;18,00 Mio. €;Brighton & Hove Albion;Paris FC;17,50 Mio. €
Danny Welbeck;35;England;Mittelstürmer;3,00 Mio. €;Brighton & Hove Albion;FC Chelsea;5,85 Mio. €
Jeremy Sarmiento;24;Ecuador;Linksaußen;5,00 Mio. €;Brighton & Hove Albion;FC Middlesbrough;3,70 Mio. €
Joël Veltman;34;Niederlande;Rechter Verteidiger;1,50 Mio. €;Brighton & Hove Albion;West Ham United;ablösefrei
Solly March;31;England;Rechtsaußen;1,00 Mio. €;Brighton & Hove Albion;Vereinslos;-
Adam Webster;31;England;Innenverteidiger;3,00 Mio. €;Brighton & Hove Albion;Vereinslos;-
James Milner;40;England;Zentrales Mittelfeld;500 Tsd. €;Brighton & Hove Albion;Karriereende;-
Morgan Rogers;23;England;Offensives Mittelfeld;90,00 Mio. €;Aston Villa;England  Aston Villa;138,00 Mio. €
Maxence Lacroix;26;Frankreich;Innenverteidiger;50,00 Mio. €;Crystal Palace;FC Chelsea;60,70 Mio. €
Marco Palestra;21;Italien;Rechter Verteidiger;35,00 Mio. €;Atalanta Bergamo;FC Chelsea;57,00 Mio. €
Geovany Quenda;19;Portugal;Rechtsaußen;42,00 Mio. €;Sporting Lissabon;FC Chelsea;50,00 Mio. €
Valentín Barco;22;Argentinien;Zentrales Mittelfeld;40,00 Mio. €;Racing Straßburg;FC Chelsea;40,00 Mio. €
Emmanuel Emegha;23;Niederlande;Mittelstürmer;25,00 Mio. €;Racing Straßburg;FC Chelsea;25,00 Mio. €
Pep Chavarría;28;Spanien;Linker Verteidiger;10,00 Mio. €;Rayo Vallecano;FC Chelsea;19,00 Mio. €
Denner;18;Brasilien;Linker Verteidiger;-;SC Corinthians U20;FC Chelsea;10,00 Mio. €
Danny Welbeck;35;England;Mittelstürmer;3,00 Mio. €;Brighton & Hove Albion;FC Chelsea;5,85 Mio. €
Dastan Satpaev;18;Kasachstan;Mittelstürmer;3,50 Mio. €;Kairat Almaty;FC Chelsea;2,40 Mio. €
Jordan Henderson;36;England;Zentrales Mittelfeld;1,20 Mio. €;FC Brentford;FC Chelsea;ablösefrei
Andrey Santos;22;Brasilien;Defensives Mittelfeld;40,00 Mio. €;FC Chelsea;Manchester United;56,30 Mio. €
Marc Cucurella;27;Spanien;Linker Verteidiger;50,00 Mio. €;FC Chelsea;Real Madrid;55,00 Mio. €
Trevoh Chalobah;27;England;Innenverteidiger;40,00 Mio. €;FC Chelsea;Como 1907;30,00 Mio. €
Tyrique George;20;England;Linksaußen;20,00 Mio. €;FC Chelsea;FC Everton;21,00 Mio. €
Caleb Yirenkyi;20;Ghana;Zentrales Mittelfeld;18,00 Mio. €;FC Nordsjaelland;Coventry City;27,00 Mio. €
Carl Rushworth;25;England;Torwart;16,00 Mio. €;Brighton & Hove Albion;Coventry City;25,70 Mio. €
Sidiki Chérif;19;Guinea;Mittelstürmer;18,00 Mio. €;Fenerbahce;Coventry City;24,50 Mio. €
Loum Tchaouna;22;Frankreich;Rechtsaußen;13,00 Mio. €;FC Burnley;Coventry City;23,00 Mio. €
Aurèle Amenda;22;Schweiz;Innenverteidiger;10,00 Mio. €;Eintracht Frankfurt;Coventry City;18,00 Mio. €
Taiwo Awoniyi;29;Nigeria;Mittelstürmer;8,00 Mio. €;Nottingham Forest;Coventry City;10,50 Mio. €
Frank Onyeka;28;Nigeria;Zentrales Mittelfeld;8,00 Mio. €;FC Brentford;Coventry City;7,00 Mio. €
Gustavo Hamer;29;Niederlande;Zentrales Mittelfeld;14,00 Mio. €;Sheffield United;Coventry City;7,00 Mio. €
Daniel Bentley;33;England;Torwart;800 Tsd. €;Wolverhampton Wanderers;Coventry City;?
Jahnoah Markelo;23;Suriname;Rechtsaußen;3,50 Mio. €;Coventry City;Shabab Al-Ahli Club;5,13 Mio. €
Brad Collins;29;England;Torwart;900 Tsd. €;Coventry City;Bristol City;ablösefrei
Jamie Allen;31;England;Zentrales Mittelfeld;500 Tsd. €;Coventry City;Vereinslos;-
Dwight McNeil;26;England;Linksaußen;18,00 Mio. €;FC Everton;Crystal Palace;25,80 Mio. €
Anan Khalaili;21;Israel;Rechter Verteidiger;23,00 Mio. €;Union Saint-Gilloise;Crystal Palace;24,50 Mio. €
Zavier Gozo;19;Vereinigte Staaten;Rechtsaußen;6,00 Mio. €;Real Salt Lake City;Crystal Palace;13,00 Mio. €
Óscar Mingueza;27;Spanien;Rechter Verteidiger;18,00 Mio. €;Celta Vigo;Crystal Palace;ablösefrei
Takehiro Tomiyasu;27;Japan;Innenverteidiger;5,00 Mio. €;Ajax Amsterdam;Crystal Palace;ablösefrei
Maxence Lacroix;26;Frankreich;Innenverteidiger;50,00 Mio. €;Crystal Palace;FC Chelsea;60,70 Mio. €
Brennan Johnson;25;Wales;Rechtsaußen;30,00 Mio. €;Crystal Palace;FC Everton;25,80 Mio. €
Danny Imray;23;England;Rechter Verteidiger;800 Tsd. €;Crystal Palace;AFC Wrexham;6,60 Mio. €
Nathaniel Clyne;35;England;Rechter Verteidiger;300 Tsd. €;Crystal Palace;Vereinslos;-
Brennan Johnson;25;Wales;Rechtsaußen;30,00 Mio. €;Crystal Palace;FC Everton;25,80 Mio. €
Merlin Röhl;23;Deutschland;Offensives Mittelfeld;16,00 Mio. €;SC Freiburg;FC Everton;25,00 Mio. €
Tyrique George;20;England;Linksaußen;20,00 Mio. €;FC Chelsea;FC Everton;21,00 Mio. €
Hayden Hackney;24;England;Defensives Mittelfeld;32,00 Mio. €;FC Middlesbrough;FC Everton;19,30 Mio. €
Christian Nørgaard;32;Dänemark;Defensives Mittelfeld;5,00 Mio. €;FC Arsenal;FC Everton;8,15 Mio. €
Dwight McNeil;26;England;Linksaußen;18,00 Mio. €;FC Everton;Crystal Palace;25,80 Mio. €
Tyler Onyango;23;England;Zentrales Mittelfeld;350 Tsd. €;FC Everton;Sheffield Wednesday;ablösefrei
Idrissa Gueye;36;Senegal;Defensives Mittelfeld;500 Tsd. €;FC Everton;Al-Diriyah FC;ablösefrei
Séamus Coleman;37;Irland;Rechter Verteidiger;200 Tsd. €;FC Everton;Vereinslos;-
Gonzalo García;22;Spanien;Mittelstürmer;30,00 Mio. €;Real Madrid;FC Fulham;40,00 Mio. €
Shea Charles;22;Nordirland;Defensives Mittelfeld;15,00 Mio. €;FC Southampton;FC Fulham;30,40 Mio. €
César Palacios;21;Spanien;Offensives Mittelfeld;7,50 Mio. €;Real Madrid;FC Fulham;10,00 Mio. €
Jonah Kusi-Asare;18;Schweden;Mittelstürmer;3,00 Mio. €;FC Bayern München;FC Fulham;6,00 Mio. €
Luc De Fougerolles;20;Kanada;Innenverteidiger;1,00 Mio. €;FC Fulham U21;FC Fulham;-
Saša Lukić;29;Serbien;Zentrales Mittelfeld;10,00 Mio. €;FC Fulham;England  Ipswich Town;10,50 Mio. €
Issa Diop;29;Marokko;Innenverteidiger;8,00 Mio. €;FC Fulham;England  Ipswich Town;10,00 Mio. €
Raúl Jiménez;35;Mexiko;Mittelstürmer;3,00 Mio. €;FC Fulham;England  Wolverhampton;ablösefrei
Harry Wilson;29;Wales;Rechtsaußen;25,00 Mio. €;FC Fulham;England  Leeds United;ablösefrei
Steven Benda;27;Deutschland;Torwart;1,00 Mio. €;FC Fulham;England  Nottingham;ablösefrei
Nobel Mendy;21;Senegal;Innenverteidiger;7,50 Mio. €;Rayo Vallecano;Hull City;23,40 Mio. €
Konstantinos Tzolakis;23;Griechenland;Torwart;18,00 Mio. €;Olympiakos Piräus;Hull City;23,30 Mio. €
Lucas Herrington;18;Australien;Innenverteidiger;8,00 Mio. €;Colorado Rapids;Hull City;14,80 Mio. €
Jens Hjertø-Dahl;20;Norwegen;Zentrales Mittelfeld;10,00 Mio. €;Tromsø IL;Hull City;9,50 Mio. €
Joe Gelhardt;24;England;Mittelstürmer;14,00 Mio. €;Leeds United;Hull City;7,60 Mio. €
Lucas Gourna-Douath;23;Frankreich;Defensives Mittelfeld;6,00 Mio. €;FC Red Bull Salzburg;Hull City;4,00 Mio. €
Jack Butland;33;England;Torwart;1,50 Mio. €;Glasgow Rangers;Hull City;3,50 Mio. €
Elliot Stroud;24;Schweden;Linkes Mittelfeld;8,00 Mio. €;Mjällby AIF;Hull City;2,50 Mio. €
Hidemasa Morita;31;Japan;Zentrales Mittelfeld;8,00 Mio. €;Sporting Lissabon;Hull City;ablösefrei
Matt Targett;30;England;Linker Verteidiger;3,00 Mio. €;Newcastle United;Hull City;ablösefrei
Óscar Zambrano;22;Ecuador;Defensives Mittelfeld;1,50 Mio. €;NK Maribor;Hull City;?
Ivor Pandur;26;Kroatien;Torwart;4,50 Mio. €;Hull City;Glasgow Rangers;7,00 Mio. €
Kyle Joseph;24;Schottland;Mittelstürmer;6,00 Mio. €;Hull City;FC Middlesbrough;4,70 Mio. €
Abu Kamara;23;England;Rechtsaußen;2,50 Mio. €;Hull City;FC Portsmouth;2,90 Mio. €
Akin Famewo;27;England;Innenverteidiger;800 Tsd. €;Hull City;Bolton Wanderers;585 Tsd. €
Kasey Palmer;29;Jamaika;Offensives Mittelfeld;900 Tsd. €;Hull City;Luton Town;580 Tsd. €
Harry Vaughan;22;Irland;Offensives Mittelfeld;400 Tsd. €;Hull City;Bohemian Football Club;ablösefrei
Enis Destan;24;Türkei;Mittelstürmer;2,00 Mio. €;Hull City;Konyaspor;ablösefrei
Julio Enciso;22;Paraguay;Offensives Mittelfeld;25,00 Mio. €;Racing Straßburg;Ipswich Town;30,50 Mio. €
Emersonn;21;Brasilien;Mittelstürmer;8,00 Mio. €;FC Toulouse;Ipswich Town;28,00 Mio. €
Abdul Fatawu;22;Ghana;Rechtsaußen;20,00 Mio. €;Leicester City;Ipswich Town;23,45 Mio. €
Abdoul Ouattara;20;Elfenbeinküste;Rechter Verteidiger;15,00 Mio. €;Racing Straßburg;Ipswich Town;20,00 Mio. €
Florentino;26;Portugal;Defensives Mittelfeld;16,00 Mio. €;FC Burnley;Ipswich Town;18,70 Mio. €
Saša Lukić;29;Serbien;Zentrales Mittelfeld;10,00 Mio. €;FC Fulham;Ipswich Town;10,50 Mio. €
Issa Diop;29;Marokko;Innenverteidiger;8,00 Mio. €;FC Fulham;Ipswich Town;10,00 Mio. €
Kjell Scherpen;26;Niederlande;Torwart;8,00 Mio. €;Union Saint-Gilloise;Ipswich Town;10,00 Mio. €
Daizen Maeda;28;Japan;Linksaußen;13,00 Mio. €;Celtic Glasgow;Ipswich Town;9,40 Mio. €
Chuba Akpom;30;England;Mittelstürmer;3,50 Mio. €;Ajax Amsterdam;Ipswich Town;9,30 Mio. €
Cédric Kipré;29;Elfenbeinküste;Innenverteidiger;2,00 Mio. €;Stade Reims;Ipswich Town;4,50 Mio. €
Kayne van Oevelen;22;Niederlande;Torwart;2,00 Mio. €;FC Volendam;Ipswich Town;4,00 Mio. €
George Hirst;27;Schottland;Mittelstürmer;10,00 Mio. €;Ipswich Town;England  Stoke City;7,00 Mio. €
Arijanet Murić;27;Kosovo;Torwart;7,50 Mio. €;Ipswich Town;Italien  US Sassuolo;7,00 Mio. €
Harry Clarke;25;England;Rechter Verteidiger;2,50 Mio. €;Ipswich Town;England  Preston NE;4,10 Mio. €
Elkan Baggott;23;Indonesien;Innenverteidiger;200 Tsd. €;Ipswich Town;England  Millwall;1,17 Mio. €
Wes Burns;31;Wales;Rechtsaußen;1,50 Mio. €;Ipswich Town;England  Leicester City;90 Tsd. €
Conor Townsend;33;England;Linker Verteidiger;350 Tsd. €;Ipswich Town;England  West Brom;ablösefrei
Conor Chaplin;29;England;Hängende Spitze;2,20 Mio. €;Ipswich Town;England  Leicester City;ablösefrei
Ashley Young;40;England;Rechter Verteidiger;400 Tsd. €;Ipswich Town;  Karriereende;-
James Trafford;23;England;Torwart;25,00 Mio. €;Manchester City;Leeds United;46,70 Mio. €
Tarik Muharemović;23;Bosnien-Herzegowina;Innenverteidiger;25,00 Mio. €;US Sassuolo;Leeds United;37,00 Mio. €
Nico Elvedi;29;Schweiz;Innenverteidiger;8,00 Mio. €;Borussia Mönchengladbach;Leeds United;8,00 Mio. €
Harry Wilson;29;Wales;Rechtsaußen;25,00 Mio. €;FC Fulham;Leeds United;ablösefrei
Pascal Struijk;26;Niederlande;Innenverteidiger;22,00 Mio. €;Leeds United;Brighton & Hove Albion;23,20 Mio. €
Joe Gelhardt;24;England;Mittelstürmer;14,00 Mio. €;Leeds United;Hull City;7,60 Mio. €
Isaac Schmidt;26;Schweiz;Rechter Verteidiger;2,20 Mio. €;Leeds United;BSC Young Boys;1,30 Mio. €
Jack Harrison;29;England;Linksaußen;6,50 Mio. €;Leeds United;New England Revolution;1,00 Mio. €
Karl Darlow;35;Wales;Torwart;200 Tsd. €;Leeds United;Manchester United;ablösefrei
Illan Meslier;26;Frankreich;Torwart;8,00 Mio. €;Leeds United;FC Arsenal;ablösefrei
Maximilian Wöber;28;Österreich;Innenverteidiger;3,00 Mio. €;Leeds United;FC Schalke 04;ablösefrei
Jérémy Jacquet;20;Frankreich;Innenverteidiger;55,00 Mio. €;FC Stade Rennes;FC Liverpool;63,60 Mio. €
Víctor Muñoz;22;Spanien;Linksaußen;30,00 Mio. €;CA Osasuna;FC Liverpool;40,00 Mio. €
Andrew Robertson;32;Schottland;Linker Verteidiger;7,00 Mio. €;FC Liverpool;Tottenham Hotspur;ablösefrei
Ibrahima Konaté;27;Frankreich;Innenverteidiger;45,00 Mio. €;FC Liverpool;Real Madrid;ablösefrei
Mohamed Salah;34;Ägypten;Rechtsaußen;22,00 Mio. €;FC Liverpool;Trabzonspor;ablösefrei
Rhys Williams;25;England;Innenverteidiger;500 Tsd. €;FC Liverpool;Vereinslos;-
Elliot Anderson;23;England;Zentrales Mittelfeld;110,00 Mio. €;Nottingham Forest;Manchester City;135,00 Mio. €
Mathys Detourbet;19;Frankreich;Linksaußen;15,00 Mio. €;ESTAC Troyes;Manchester City;25,00 Mio. €
Jeremy Monga;17;England;Linksaußen;15,00 Mio. €;Leicester City;Manchester City;11,70 Mio. €
Pierce Charles;20;Nordirland;Torwart;900 Tsd. €;Sheffield Wednesday;Manchester City;3,50 Mio. €
Gerónimo Rulli;34;Argentinien;Torwart;6,00 Mio. €;Olympique Marseille;Manchester City;3,50 Mio. €
Ryan McAidoo;18;England;Rechtsaußen;-;Manchester City U21;Manchester City;-
Tijjani Reijnders;28;Niederlande;Zentrales Mittelfeld;50,00 Mio. €;Manchester City;Al-Qadsiah FC;61,00 Mio. €
Rodri;30;Spanien;Defensives Mittelfeld;55,00 Mio. €;Manchester City;FC Barcelona;60,00 Mio. €
James Trafford;23;England;Torwart;25,00 Mio. €;Manchester City;Leeds United;46,70 Mio. €
Manuel Akanji;30;Schweiz;Innenverteidiger;17,00 Mio. €;Manchester City;Inter Mailand;15,00 Mio. €
Nathan Aké;31;Niederlande;Innenverteidiger;12,00 Mio. €;Manchester City;Fenerbahce;8,17 Mio. €
Bernardo Silva;31;Portugal;Offensives Mittelfeld;22,00 Mio. €;Manchester City;Real Madrid;ablösefrei
John Stones;32;England;Innenverteidiger;12,00 Mio. €;Manchester City;Inter Mailand;ablösefrei
Andrey Santos;22;Brasilien;Defensives Mittelfeld;40,00 Mio. €;FC Chelsea;Manchester United;56,30 Mio. €
Youri Tielemans;29;Belgien;Zentrales Mittelfeld;30,00 Mio. €;Aston Villa;Manchester United;41,00 Mio. €
Karl Darlow;35;Wales;Torwart;200 Tsd. €;Leeds United;Manchester United;ablösefrei
Jack Fletcher;19;England;Offensives Mittelfeld;1,50 Mio. €;Manchester United U21;Manchester United;-
Tyler Fletcher;19;Schottland;Zentrales Mittelfeld;1,50 Mio. €;Manchester United U21;Manchester United;-
Dermot Mee;23;Nordirland;Torwart;-;Manchester United U21;Manchester United;-
Shea Lacey;19;England;Rechtsaußen;5,00 Mio. €;Manchester United U21;Manchester United;-
Rasmus Højlund;23;Dänemark;Mittelstürmer;60,00 Mio. €;Manchester United;SSC Neapel;44,00 Mio. €
Radek Vítek;22;Tschechien;Torwart;6,00 Mio. €;Manchester United;FC Middlesbrough;8,15 Mio. €
Casemiro;34;Brasilien;Defensives Mittelfeld;6,00 Mio. €;Manchester United;Inter Miami CF;ablösefrei
Tyler Fredricson;21;England;Innenverteidiger;3,00 Mio. €;Manchester United;FC Lausanne-Sport;?
Tyrell Malacia;26;Niederlande;Linker Verteidiger;4,00 Mio. €;Manchester United;Vereinslos;-
Jadon Sancho;26;England;Linksaußen;18,00 Mio. €;Manchester United;Vereinslos;-
Chido Obi;18;Dänemark;Mittelstürmer;5,00 Mio. €;Manchester United;Manchester United U21;-
Bazoumana Touré;20;Elfenbeinküste;Linksaußen;40,00 Mio. €;TSG 1899 Hoffenheim;Newcastle United;50,00 Mio. €
Amar Dedic;24;Bosnien-Herzegowina;Rechter Verteidiger;20,00 Mio. €;Benfica Lissabon;Newcastle United;35,90 Mio. €
Aladji Bamba;20;Frankreich;Defensives Mittelfeld;18,00 Mio. €;AS Monaco;Newcastle United;35,50 Mio. €
Lukas Hornicek;24;Tschechien;Torwart;18,00 Mio. €;SC Braga;Newcastle United;30,60 Mio. €
Sean Steur;18;Niederlande;Zentrales Mittelfeld;7,00 Mio. €;Ajax Amsterdam;Newcastle United;23,50 Mio. €
Ewen Jaouen;20;Frankreich;Torwart;12,00 Mio. €;Stade Reims;Newcastle United;21,50 Mio. €
Aidan Harris;19;England;Torwart;200 Tsd. €;Newcastle United U21;Newcastle United;-
Leo Shahar;19;England;Rechter Verteidiger;-;Newcastle United U21;Newcastle United;-
Bazoumana Touré;20;Elfenbeinküste;Linksaußen;40,00 Mio. €;Newcastle United;TSG 1899 Hoffenheim;50,00 Mio. €
Amar Dedic;24;Bosnien-Herzegowina;Rechter Verteidiger;20,00 Mio. €;Newcastle United;Benfica Lissabon;35,90 Mio. €
Aladji Bamba;20;Frankreich;Defensives Mittelfeld;18,00 Mio. €;Newcastle United;AS Monaco;35,50 Mio. €
Lukas Hornicek;24;Tschechien;Torwart;18,00 Mio. €;Newcastle United;SC Braga;30,60 Mio. €
Sean Steur;18;Niederlande;Zentrales Mittelfeld;7,00 Mio. €;Newcastle United;Ajax Amsterdam;23,50 Mio. €
Ewen Jaouen;20;Frankreich;Torwart;12,00 Mio. €;Newcastle United;Stade Reims;21,50 Mio. €
Aidan Harris;19;England;Torwart;200 Tsd. €;Newcastle United;Newcastle United U21;-
Leo Shahar;19;England;Rechter Verteidiger;-;Newcastle United;Newcastle United U21;-
Ousmane Diomande;22;Elfenbeinküste;Innenverteidiger;42,00 Mio. €;Sporting Lissabon;Nottingham Forest;40,00 Mio. €
Gustavo Sá;21;Portugal;Offensives Mittelfeld;25,00 Mio. €;FC Famalicão;Nottingham Forest;20,00 Mio. €
Xaver Schlager;28;Österreich;Zentrales Mittelfeld;10,00 Mio. €;RB Leipzig;Nottingham Forest;ablösefrei
Steven Benda;27;Deutschland;Torwart;1,00 Mio. €;FC Fulham;Nottingham Forest;ablösefrei
Elliot Anderson;23;England;Zentrales Mittelfeld;110,00 Mio. €;Nottingham Forest;Manchester City;135,00 Mio. €
Taiwo Awoniyi;29;Nigeria;Mittelstürmer;8,00 Mio. €;Nottingham Forest;Coventry City;10,50 Mio. €
David Carmo;26;Angola;Innenverteidiger;5,00 Mio. €;Nottingham Forest;Olympiakos Piräus;9,00 Mio. €
Angus Gunn;30;Schottland;Torwart;1,00 Mio. €;Nottingham Forest;San Jose Earthquakes;ablösefrei
Stefan Ortega;33;Deutschland;Torwart;4,00 Mio. €;Nottingham Forest;Olympiakos Piräus;ablösefrei
Willy Boly;35;Elfenbeinküste;Innenverteidiger;300 Tsd. €;Nottingham Forest;Vereinslos;-
Dayann Méthalie;20;Frankreich;Linker Verteidiger;18,00 Mio. €;FC Toulouse;AFC Sunderland;28,00 Mio. €
Thomas Meunier;34;Belgien;Rechter Verteidiger;1,50 Mio. €;LOSC Lille;AFC Sunderland;ablösefrei
Eliezer Mayenda;21;Spanien;Mittelstürmer;16,00 Mio. €;AFC Sunderland;FC Stade Rennes;22,00 Mio. €
Anthony Patterson;26;England;Torwart;8,00 Mio. €;AFC Sunderland;AFC Wrexham;9,35 Mio. €
Ahmed Abdullahi;22;Nigeria;Mittelstürmer;800 Tsd. €;AFC Sunderland;Eyüpspor;1,40 Mio. €
Dan Neil;24;England;Zentrales Mittelfeld;4,50 Mio. €;AFC Sunderland;Glasgow Rangers;ablösefrei
Dennis Cirkin;24;Lettland;Linker Verteidiger;6,00 Mio. €;AFC Sunderland;Queens Park Rangers;ablösefrei
Harrison Jones;21;England;Offensives Mittelfeld;150 Tsd. €;AFC Sunderland;Peterborough United;ablösefrei
Nazariy Rusyn;27;Ukraine;Mittelstürmer;600 Tsd. €;AFC Sunderland;Karpaty Lviv;ablösefrei
Timothée Pembélé;23;Frankreich;Rechter Verteidiger;1,80 Mio. €;AFC Sunderland;Le Havre AC;ablösefrei
Arthur Masuaku;32;DR Kongo;Linker Verteidiger;2,00 Mio. €;AFC Sunderland;Konyaspor;ablösefrei
Leo Hjelde;22;Norwegen;Innenverteidiger;1,50 Mio. €;AFC Sunderland;KV Mechelen;?
Bertrand Traoré;30;Burkina Faso;Rechtsaußen;4,00 Mio. €;AFC Sunderland;Vereinslos;-
Niall Huggins;25;Wales;Rechter Verteidiger;600 Tsd. €;AFC Sunderland;Vereinslos;-
Sandro Tonali;26;Italien;Defensives Mittelfeld;80,00 Mio. €;Newcastle United;Tottenham Hotspur;108,00 Mio. €
Mateus Fernandes;21;Portugal;Zentrales Mittelfeld;50,00 Mio. €;West Ham United;Tottenham Hotspur;99,00 Mio. €
Jan Paul van Hecke;26;Niederlande;Innenverteidiger;45,00 Mio. €;Brighton & Hove Albion;Tottenham Hotspur;60,00 Mio. €
Andrew Robertson;32;Schottland;Linker Verteidiger;7,00 Mio. €;FC Liverpool;Tottenham Hotspur;ablösefrei
Marcos Senesi;29;Argentinien;Innenverteidiger;25,00 Mio. €;AFC Bournemouth;Tottenham Hotspur;ablösefrei
Martin Dúbravka;37;Slowakei;Torwart;500 Tsd. €;FC Burnley;Tottenham Hotspur;ablösefrei
Will Lankshear;21;England;Mittelstürmer;7,00 Mio. €;Tottenham Hotspur U21;Tottenham Hotspur;-
Luka Vuskovic;19;Kroatien;Innenverteidiger;60,00 Mio. €;Tottenham Hotspur;Brighton & Hove Albion;54,00 Mio. €
Cristian Romero;28;Argentinien;Innenverteidiger;50,00 Mio. €;Tottenham Hotspur;Atlético Madrid;40,00 Mio. €
Djed Spence;26;England;Rechter Verteidiger;40,00 Mio. €;Tottenham Hotspur;Inter Mailand;30,00 Mio. €
Will Lankshear;21;England;Mittelstürmer;7,00 Mio. €;Tottenham Hotspur;FC Middlesbrough;11,70 Mio. €
Alejo Veliz;22;Argentinien;Mittelstürmer;4,00 Mio. €;Tottenham Hotspur;EC Bahia;9,00 Mio. €
Ashley Phillips;21;England;Innenverteidiger;7,00 Mio. €;Tottenham Hotspur;FC Middlesbrough;8,20 Mio. €
Manor Solomon;27;Israel;Linksaußen;8,00 Mio. €;Tottenham Hotspur;West Ham United;5,85 Mio. €
Alfie Devine;21;England;Offensives Mittelfeld;8,00 Mio. €;Tottenham Hotspur;Preston North End;5,30 Mio. €
Yves Bissouma;29;Mali;Defensives Mittelfeld;10,00 Mio. €;Tottenham Hotspur;Vereinslos;-
